name,current_xindanliang,current_xindanliang_1,current_xindanliang_2,current_xindanlv,current_xindanlv_1,current_xindanlv_2,xindanlv3,xindanlv3_1,xindanlv3_2,id
360,0,,,0%,,,0%,,,1
MP,0,,,0%,,,0%,,,2
申抖音2,0,,,0%,,,0%,,,3
头条,0,,,0%,,,0%,,,4
百度推广,0,,,0%,,,0%,,,5
东方说股-视频号信息流,0,,,0%,,,0%,,,6
老转,0,,,0%,,,0%,,,7
MP-付费,0,,,0%,,,0%,,,8
AI智能,0,,,0%,,,0%,,,9
百度付费,0,,,0%,,,0%,,,10
TSL-东方说股-气泡,0,,,0%,,,0%,,,11
TSL-东方说股-短视频,1,,,10%,,,0%,,,12
ZSY-A谷赢家,0,,,0%,,,0%,,,13
ZSY-沈谋研虑,0,,,0%,,,0%,,,14
ZSY-股期良策,0,,,0%,,,0%,,,15
ZSY-策略A加B,0,,,0%,,,0%,,,16
ZSL-股市研选,0,,,0%,,,0%,,,17
TSL-股市情报局,0,,,0%,,,0%,,,18
TSL-股市情报局-气泡,0,,,0%,,,0%,,,19
ZSL-股市研选-气泡,0,,,0%,,,0%,,,20
ZSY-策略A加B-气泡,0,,,0%,,,0%,,,21
ZSL-财神赵哥,0,,,0%,,,0%,,,22
ZSY-股期良策-气泡,0,,,0%,,,0%,,,23
ZSY-老沈擒牛,0,,,0%,,,0%,,,24
ZSY-小雨爱投资,0,,,0%,,,0%,,,26
M-趋势谷道,0,,,0%,,,0%,,,28
M-股道论财,0,,,0%,,,0%,,,29
M-涨上封,0,,,0%,,,0%,,,30
M-均线王者,0,,,0%,,,0%,,,31
ZSL-主升狼,0,,,0%,,,0%,,,32
重阳-微博,0,,,0%,,,0%,,,33
M-寻龙掘金,0,,,0%,,,0%,,,34
ZSL-财神老赵,0,,,0%,,,0%,,,35
ZSL-老曾话财,0,,,0%,,,0%,,,36
ZSY-股市王哥,0,,,0%,,,0%,,,37
M-一阳指向天,0,,,0%,,,0%,,,38
ZSY-财神训练营,0,,,0%,,,0%,,,39
ZSY-实战投资,0,,,0%,,,0%,,,40
ZSY-小7说财,0,,,0%,,,0%,,,41
M-龙头阻击,0,,,0%,,,0%,,,42
M-捉羊大师姐,0,,,0%,,,0%,,,43
ZSL-星哥实战,0,,,0%,,,0%,,,44
ZSL-星哥投资,0,,,0%,,,0%,,,45
ZSL-短线波王,0,,,0%,,,0%,,,46
ZSY-黑马集训营,0,,,0%,,,0%,,,47
TSL-魔方选股,0,,,0%,,,0%,,,48
ZSY-实战派妖哥丨,0,,,0%,,,0%,,,49
M-师兄看市,0,,,0%,,,0%,,,50
ZSL-欢姐财经,0,,,0%,,,0%,,,51
M-牛牛论市,0,,,0%,,,0%,,,52
M-短线狙击客,0,,,0%,,,0%,,,53
ZSY-财神看市,0,,,0%,,,0%,,,54
ZSY-田田实盘,0,,,0%,,,0%,,,55
M-辣手擒牛,0,,,0%,,,0%,,,56
ZSY-涨停预判,0,,,0%,,,0%,,,57
ZSY-田田说好股,0,,,0%,,,0%,,,58
ZSL-龙头实战笔记,0,,,0%,,,0%,,,59
ZSY-交易员阳哥,0,,,0%,,,0%,,,60
ZSY-财经小宁姐,0,,,0%,,,0%,,,61
ZSY-财经小白话,0,,,0%,,,0%,,,62
ZSY-股神老陆,0,,,0%,,,0%,,,63
M-涨上赢家,0,,,0%,,,0%,,,64
ZSY-财女小7,0,,,0%,,,0%,,,65
ZSL-龙头抓手,0,,,0%,,,0%,,,66
M-妙手捉牛,0,,,0%,,,0%,,,67
M-捉牛大师兄,0,,,0%,,,0%,,,68
ZSY-财神老赵说,0,,,0%,,,0%,,,69
ZSY-擒牛大队长,0,,,0%,,,0%,,,71
ZSY-好谷连连看,0,,,0%,,,0%,,,72
申抖音2老师,0,,,0%,,,0%,,,73
ZSY-游资先锋,0,,,0%,,,0%,,,74
ZKY-快手亚商投顾,0,,,0%,,,0%,,,75
M-妙手捉羊,0,,,0%,,,0%,,,76
MD-捉羊日记,0,,,0%,,,0%,,,77
武汉冠汉快手,0,,,0%,,,0%,,,78
投教一部视频号评论,0,,,0%,,,0%,,,79
MD-龙头刺客,0,,,0%,,,0%,,,80
舆情公众号,0,,,0%,,,0%,,,81
深圳快手,0,,,0%,,,0%,,,82
数伯客,0,,,0%,,,0%,,,83
投教一部快手,0,,,0%,,,0%,,,84
时微1,0,,,0%,,,0%,,,85
数伯客2,0,,,0%,,,0%,,,86
ZSY-胡叨财经,0,,,0%,,,0%,,,87
曾老师-活动专用,0,,,0%,,,0%,,,88
申抖3、6付费,0,,,0%,,,0%,,,89
武汉快手电话,0,,,0%,,,0%,,,90
有点抖音,0,,,0%,,,0%,,,91
路雅交易,0,,,0%,,,0%,,,92
申抖音3,0,,,0%,,,0%,,,93
申抖音4加v,0,,,0%,,,0%,,,94
外采快手短信,0,,,0%,,,0%,,,95
数伯客3,0,,,0%,,,0%,,,96
数伯客4,0,,,0%,,,0%,,,97
支付宝,0,,,0%,,,0%,,,98
申抖16捉羊日记,0,,,0%,,,0%,,,99
申抖音5,0,,,0%,,,0%,,,100
申抖17财经小孙,0,,,0%,,,0%,,,101
申抖18龙头掘金,0,,,0%,,,0%,,,102
天天启号快手,0,,,0%,,,0%,,,103
天天启号抖音,0,,,0%,,,0%,,,104
数伯客5,0,,,0%,,,0%,,,105
数伯客6,0,,,0%,,,0%,,,106
数伯客7,0,,,0%,,,0%,,,107
数伯客8,0,,,0%,,,0%,,,108
数伯客9,0,,,0%,,,0%,,,109
ZKY-快手掌财,0,,,0%,,,0%,,,110
抖涨抖音1,0,,,0%,,,0%,,,111
抖涨抖音2,0,,,0%,,,0%,,,112
文字-头条微博,0,,,0%,,,0%,,,113
重庆有术短线擒牛抓板,0,,,0%,,,0%,,,114
冠汉抖音,0,,,0%,,,0%,,,116
申抖16捉龙日记-4.24,0,,,0%,,,0%,,,117
申抖18龙头日记,0,,,0%,,,0%,,,118
申抖17掘金师妹,0,,,0%,,,0%,,,119
申抖18掘金师兄,0,,,0%,,,0%,,,120
申抖16掘金日记,0,,,0%,,,0%,,,121
申抖18捉牛师兄,0,,,0%,,,0%,,,122
申抖17捉龙师兄,0,,,0%,,,0%,,,123
申抖18捉羊师兄,0,,,0%,,,0%,,,124
冠汉财经A财神,0,,,0%,,,0%,,,125
冠汉黑马财经V,0,,,0%,,,0%,,,126
冠汉财经作手小师妹,0,,,0%,,,0%,,,127
M-牛牛日志,0,,,0%,,,0%,,,128
M-捕牛达人,0,,,0%,,,0%,,,129
M-黑马来评,0,,,0%,,,0%,,,130
M-黑马日志,0,,,0%,,,0%,,,131
M-寻牛找马,0,,,0%,,,0%,,,132
M-倍量之王,0,,,0%,,,0%,,,133
M-淘金敢死队,0,,,0%,,,0%,,,134
M-新高小魔王,0,,,0%,,,0%,,,135
M-神牛来评,0,,,0%,,,0%,,,136
有点快手,0,,,0%,,,0%,,,137
M-神牛捕手,0,,,0%,,,0%,,,138
冠汉财经大师兄V,0,,,0%,,,0%,,,139
ZSL-实战妖哥,0,,,0%,,,0%,,,140
重庆有术短线股三疯,0,,,0%,,,0%,,,141
ZX1-小胖擒牛（老）,0,,,0%,,,0%,,,142
JQ2-财神赵哥,0,,,0%,,,0%,,,143
ZX2直播胡嘉斌-财经胡一叨（弃）,0,,,0%,,,0%,,,144
JQ1-财经三哥,0,,,0%,,,0%,,,145
JQ1-实战派妖哥,0,,,0%,,,0%,,,146
重庆有术擒牛绝世南风,0,,,0%,,,0%,,,147
深圳-逍遥财经,0,,,0%,,,0%,,,148
兰君子-程程论市,0,,,0%,,,0%,,,149
兰君子-陈佬论市,0,,,0%,,,0%,,,150
重庆有术-华尔街女团,0,,,0%,,,0%,,,151
百度指标10,7,,,6.6%,,,1.89%,,,152
前端直播,0,,,0%,,,0%,,,153
重庆有术-短线K姐,0,,,0%,,,0%,,,154
重庆有术-炒股奔小康,0,,,0%,,,0%,,,155
重庆有术-大A神话,0,,,0%,,,0%,,,156
兰君子-短线抓板,0,,,0%,,,0%,,,157
JQ09-财经美名扬,360,,,4.24%,,,2.46%,,,158
JQ2-波段明哥,0,,,0%,,,0%,,,159
M-火车头捕手,0,,,0%,,,0%,,,160
M-寻龙圣手,0,,,0%,,,0%,,,161
M-黑猫探金,0,,,0%,,,0%,,,162
M-超短急先锋,0,,,0%,,,0%,,,163
申抖16稳健老韭,0,,,0%,,,0%,,,164
ZSY-小胖擒牛,0,,,0%,,,0%,,,165
ZSY-财经周老三,0,,,0%,,,0%,,,166
M-谷掌柜论市,0,,,0%,,,0%,,,167
ZSL-缠论说股,0,,,0%,,,0%,,,168
ZSL-博弈圣手,0,,,0%,,,0%,,,169
ZSL-股市预言家,0,,,0%,,,0%,,,170
ZSL-赵哥实盘,0,,,0%,,,0%,,,171
M-妙手捉牛,0,,,0%,,,0%,,,174
申抖音2开口,27,,,5.38%,,,1.99%,,,175
申抖音4开口,0,,,0%,,,0%,,,176
ZSL-A股小白龙,0,,,0%,,,0%,,,177
ZSL-畅谈股金,0,,,0%,,,0%,,,178
M-A股一点红,0,,,0%,,,0%,,,179
M-星耀炒家,0,,,0%,,,0%,,,180
兰君子-超短作手,0,,,0%,,,0%,,,181
兰君子-底部擒牛,0,,,0%,,,0%,,,182
兰君子-A股教父,0,,,0%,,,0%,,,183
冠汉主力先锋YL,0,,,0%,,,0%,,,184
M-龙头潜伏家,0,,,0%,,,0%,,,185
JQ1-小胖说顶底,0,,,0%,,,0%,,,186
兰君子-股今杂谈LV,0,,,0%,,,0%,,,187
兰君子-金股训练营LV,0,,,0%,,,0%,,,188
冠汉黑马作手,0,,,0%,,,0%,,,189
冠汉财经小书生V,0,,,0%,,,0%,,,190
数伯客10,0,,,0%,,,0%,,,191
数伯客11,0,,,0%,,,0%,,,192
数伯客12,0,,,0%,,,0%,,,193
M-趋势玩家,0,,,0%,,,0%,,,194
M-短线捉大妖,0,,,0%,,,0%,,,195
M-赵老哥实盘-FL,0,,,0%,,,0%,,,196
JQ2-财经老张,0,,,0%,,,0%,,,197
有点测试资源,0,,,0%,,,0%,,,198
申抖7付费指标开口,49,,,9.32%,,,4.18%,,,199
百度移动搜索,0,,,0%,,,0%,,,200
百度PC搜索,0,,,0%,,,0%,,,201
M-题材大王,0,,,0%,,,0%,,,202
M-量价舵手,0,,,0%,,,0%,,,203
M-趋势论财,0,,,0%,,,0%,,,204
M-势如黑马,0,,,0%,,,0%,,,205
M-主升浪王,0,,,0%,,,0%,,,206
有点-投机天王,0,,,0%,,,0%,,,208
ZSL-游资操盘手,0,,,0%,,,0%,,,209
JQ6-短线波王,0,,,0%,,,0%,,,211
有点抖音电话,0,,,0%,,,0%,,,212
M-财经涨本事,0,,,0%,,,0%,,,213
上海创银,0,,,0%,,,0%,,,214
申抖17财经胡一叨,2,,,1.47%,,,0.74%,,,215
百度（微信）,0,,,0%,,,0%,,,216
兰君子-邱浩财经,0,,,0%,,,0%,,,217
兰君子-老马擒牛,0,,,0%,,,0%,,,218
兰君子-狙击龙虎榜,0,,,0%,,,0%,,,219
兰君子-大A问财,0,,,0%,,,0%,,,220
兰君子-打板司令,0,,,0%,,,0%,,,221
兰君子-首板跟庄666,0,,,0%,,,0%,,,222
兰君子-刘哥打板,0,,,0%,,,0%,,,223
兰君子-大A先锋团,0,,,0%,,,0%,,,224
兰君子-超短挖掘,0,,,0%,,,0%,,,225
兰君子-投机乔帮主,0,,,0%,,,0%,,,226
兰君子-投机战神,0,,,0%,,,0%,,,227
兰君子-上塘路心法,0,,,0%,,,0%,,,228
兰君子-股市破局者LV,0,,,0%,,,0%,,,229
兰君子-朱朱说市,0,,,0%,,,0%,,,230
兰君子-论市道股,0,,,0%,,,0%,,,231
申抖16-野马笔记,0,,,0%,,,0%,,,233
百度指标16,0,,,0%,,,0%,,,235
百度指标17,0,,,0%,,,0%,,,236
百度指标18,1,,,1.41%,,,1.41%,,,237
百度指标19,12,,,4.98%,,,2.07%,,,238
东方说市小铃铛,16,,,4.95%,,,3.1%,,,239
有点-股市指路人,0,,,0%,,,0%,,,241
有点-Ａ股策略先锋,0,,,0%,,,0%,,,242
兰君子-股海点金石,0,,,0%,,,0%,,,243
兰君子-抓板训练营,0,,,0%,,,0%,,,244
兰君子-短线选股,0,,,0%,,,0%,,,245
兰君子-短线大A,0,,,0%,,,0%,,,246
兰君子-华宇九九,0,,,0%,,,0%,,,247
冠汉-价值老赵LV,0,,,0%,,,0%,,,248
M-猎庄星座,0,,,0%,,,0%,,,249
PCAD-23753582-盘前股票池,0,,,0%,,,0%,,,250
PCAD-24923369-趋势王,0,,,0%,,,0%,,,251
兰君子-打板刺客,0,,,0%,,,0%,,,252
兰君子-财经好声音,0,,,0%,,,0%,,,253
魏老哥聊股市小铃铛,0,,,0%,,,0%,,,254
龙头抓手小铃铛,0,,,0%,,,0%,,,255
M-短线谢队长,0,,,0%,,,0%,,,257
M-盼盼陪你说情绪,0,,,0%,,,0%,,,258
M-有用闲聊,0,,,0%,,,0%,,,259
M-野马笔记,0,,,0%,,,0%,,,260
M-江边潜伏家,0,,,0%,,,0%,,,261
兰君子-A股小白龙LV,0,,,0%,,,0%,,,262
JQ3-股人有云,0,,,0%,,,0%,,,263
微信新闻插件,0,,,0%,,,0%,,,265
星哥投资小铃铛,0,,,0%,,,0%,,,266
PCAD-27098251-黑科技,0,,,0%,,,0%,,,267
PCAD-27098256-趋势王,0,,,0%,,,0%,,,268
申抖8付费开口,0,,,0%,,,0%,,,269
快手信息流03付费加微,0,,,0%,,,0%,,,270
百度指标20截断文,0,,,0%,,,0%,,,271
财神赵哥小铃铛,3,,,2%,,,2.67%,,,272
兰君子-主力狙击,0,,,0%,,,0%,,,273
M-杨公子话A市-短视频,0,,,0%,,,0%,,,274
诗墨-苹果树财经,0,,,0%,,,0%,,,275
诗墨-老潘5178A股,0,,,0%,,,0%,,,276
申抖9开口新页面,0,,,0%,,,0%,,,277
快手信息流04免费加微,0,,,0%,,,0%,,,278
兰君子-大A小杨哥,0,,,0%,,,0%,,,279
兰君子-大a鼓掌,0,,,0%,,,0%,,,280
UC-双出价,0,,,0%,,,0%,,,281
诗墨-你们的茉茉姐,0,,,0%,,,0%,,,282
诗墨-总舵主猴哥88888,0,,,0%,,,0%,,,283
朋友圈-27098255-股票池,0,,,0%,,,0%,,,284
视频号-30768164-趋势王0.1元,0,,,0%,,,0%,,,285
朋友圈-27098255三只金股,0,,,0%,,,0%,,,286
小王哥财经小铃铛,86,,,4.32%,,,1.76%,,,287
百度免费票08,0,,,0%,,,0%,,,288
百度指标21,52,,,5.86%,,,2.25%,,,289
快手信息流07免费加微,0,,,0%,,,0%,,,290
申抖音10开口,0,,,0%,,,0%,,,291
信禾抖音短视频,0,,,0%,,,0%,,,292
UC-1表单,0,,,0%,,,0%,,,293
百度指标22,21,,,7.64%,,,2.91%,,,294
信禾抖音短视频1,0,,,0%,,,0%,,,295
信禾抖音短视频2,0,,,0%,,,0%,,,296
信禾抖音短视频3,0,,,0%,,,0%,,,297
信禾抖音短视频4,0,,,0%,,,0%,,,298
快手信息流09付费加微,0,,,0%,,,0%,,,299
柒柒亚,0,,,0%,,,0%,,,300
PCAD-SK-23788536-趋势王,0,,,0%,,,0%,,,301
百度免费票23,0,,,0%,,,0%,,,302
JQ5-实战妖哥,0,,,0%,,,0%,,,303
申抖音10付费,24,,,3.82%,,,2.54%,,,304
兰君子-胡哥说大A,0,,,0%,,,0%,,,305
申抖音11付费指标开口,57,,,5.67%,,,2.88%,,,306
PCAD-27098256-短线王,3,,,12%,,,4%,,,307
JQ7-财经股天乐,0,,,0%,,,0%,,,308
博融1,0,,,0%,,,0%,,,309
博融2,0,,,0%,,,0%,,,310
博融3,0,,,0%,,,0%,,,311
博融4,0,,,0%,,,0%,,,312
博融5,0,,,0%,,,0%,,,313
PCAD-27098251-短线王,0,,,0%,,,0%,,,314
1995-缠论说股-注销,0,,,0%,,,0%,,,315
视频号-SK-23788710-趋势王0.1元,0,,,0%,,,0%,,,316
1995-趋势之光,0,,,0%,,,0%,,,317
小米-OTT-指标,0,,,0%,,,0%,,,318
小米-OTT-免费票,0,,,0%,,,0%,,,319
小米-信息流-指标-图片,0,,,0%,,,0%,,,320
小米-信息流-指标-视频,0,,,0%,,,0%,,,321
小米-信息流-免费票-图片,0,,,0%,,,0%,,,322
小米-信息流-免费票-视频,0,,,0%,,,0%,,,323
1995-股道神牛-注销,0,,,0%,,,0%,,,324
PCAD-SK-23788536-四合一,171,,,5.44%,,,2.52%,,,325
优量汇-SK-23788715-短线王,1,,,11.11%,,,0%,,,326
ZSL-鑫哥超有财,0,,,0%,,,0%,,,327
骋翼1,0,,,0%,,,0%,,,328
骋翼2,0,,,0%,,,0%,,,329
骋翼3,0,,,0%,,,0%,,,330
骋翼4,0,,,0%,,,0%,,,331
骋翼5,0,,,0%,,,0%,,,332
PCAD-SK-23788721-盘前股票池,0,,,0%,,,0%,,,333
M-主力先锋,0,,,0%,,,0%,,,334
1995-慧眼光芒,0,,,0%,,,0%,,,335
优量汇-SK-31862352-四合一,0,,,0%,,,0%,,,336
M-股市指路人,0,,,0%,,,0%,,,337
短线旭哥-小铃铛,0,,,0%,,,0%,,,338
博弈圣手-小铃铛,238,,,4.07%,,,1.81%,,,339
A股学霸-短视频,0,,,0%,,,0%,,,340
龙头抓手分部-小铃铛（新）,0,,,0%,,,0%,,,341
龙头抓手-小铃铛（新）,0,,,0%,,,0%,,,342
JQ10-陆家嘴旭哥,8,,,3.88%,,,1.46%,,,343
天创-炜哥撩股票,0,,,0%,,,0%,,,344
老王实盘-小铃铛（改名）,0,,,0%,,,0%,,,345
1995-股海神牛-注销,0,,,0%,,,0%,,,346
财经老董-小铃铛,11,,,3.87%,,,2.46%,,,347
游资先锋-小铃铛,3,,,4.11%,,,6.85%,,,348
百度选股器24,130,,,8.63%,,,3.25%,,,349
1995-股道真经弃,0,,,0%,,,0%,,,350
兰君子-股市侃道,0,,,0%,,,0%,,,351
今天超有财-小铃铛（改名）,5,,,5.05%,,,0%,,,352
申抖12股票,0,,,0%,,,0%,,,353
财富密码-小铃铛,0,,,0%,,,0%,,,354
申抖6免费票,1,,,4.76%,,,4.76%,,,355
兰君子-聊股吧,0,,,0%,,,0%,,,356
百度指标25,0,,,0%,,,0%,,,357
360-弹窗-免费票,52,,,6.57%,,,3.03%,,,358
360-屏保-免费票,0,,,0%,,,0%,,,359
百度课程26,0,,,0%,,,0%,,,360
优量汇-30768175-趋势王0.1元,0,,,0%,,,0%,,,361
PCAD-30768196-四合一,0,,,0%,,,0%,,,362
PCAD-30768196-短线王,0,,,0%,,,0%,,,363
1995-A股首板王,0,,,0%,,,0%,,,364
优量汇-SK-31863070-趋势王0.1元,0,,,0%,,,0%,,,365
PCAD-SK-31863076-四合一,0,,,0%,,,0%,,,366
PCAD-SK-31863076-短线王,0,,,0%,,,0%,,,367
申抖13免费票加v,0,,,0%,,,0%,,,368
申抖14付费指标加v,143,,,5.67%,,,3.05%,,,369
申抖15付费指标加v,0,,,0%,,,0%,,,370
视频号-30768164-四合一0.1元,0,,,0%,,,0%,,,371
1995-股市大队长,0,,,0%,,,0%,,,373
ZSL-股道圣手,0,,,0%,,,0%,,,374
JQ11-波段老程,0,,,0%,,,0%,,,375
JQ107-免费票,122,,,5.32%,,,2.83%,,,376
JQ108-免费票,0,,,0%,,,0%,,,377
ZSL-股道真经,0,,,0%,,,0%,,,378
赵哥实盘-小黄车,0,,,0%,,,0%,,,379
小王哥财经-小黄车,0,,,0%,,,0%,,,380
博弈圣手-小黄车,0,,,0%,,,0%,,,381
财经老董-小黄车,0,,,0%,,,0%,,,382
PCAD-33092668-短线王,0,,,0%,,,0%,,,383
百度指标27,0,,,0%,,,0%,,,384
SK17-2 胡胖胖侃股,0,,,0%,,,0%,,,385
360-弹窗-免费票3,8,,,3.77%,,,0.94%,,,386
360-信息流-免费票,41,,,7.22%,,,4.58%,,,387
短视频-重阳看市,0,,,0%,,,0%,,,388
JQ109-免费票,204,,,6.18%,,,2.48%,,,389
PCAD-33092673-四合一,0,,,0%,,,0%,,,390
ZSL-趋势之光,0,,,0%,,,0%,,,391
ZSL-A股小白龙-直播,0,,,0%,,,0%,,,392
百度指标28,0,,,0%,,,0%,,,393
百度指标29,0,,,0%,,,0%,,,394
快手信息流15免费加微,0,,,0%,,,0%,,,395
ZSL-东方说股-直播,0,,,0%,,,0%,,,396
ZSL-老曾话财-直播,0,,,0%,,,0%,,,397
JQ1010-免费票,98,,,5.65%,,,2.13%,,,398
朋友圈-30768196股票池,4,,,4.76%,,,2.38%,,,399
朋友圈-33092676股票池,0,,,0%,,,0%,,,400
PCAD-SK-31863076-五指上山,0,,,0%,,,0%,,,401
京贝-快手黄车,0,,,0%,,,0%,,,402
PCAD-27098256-五指上山,0,,,0%,,,0%,,,404
PCAD-33092668-十全十美,0,,,0%,,,0%,,,405
底部擒牛小铃铛,0,,,0%,,,0%,,,406
创银短信,0,,,0%,,,0%,,,407
游资实盘小铃铛,0,,,0%,,,0%,,,408
百度指标30,15,,,3.93%,,,1.31%,,,409
京贝-快手黄车公众号,0,,,0%,,,0%,,,410
360-搜索-诊股05,0,,,0%,,,0%,,,411
360-屏保-免费票6,25,,,4.27%,,,2.91%,,,413
JQ14-大A付老大,126,,,3.19%,,,1.54%,,,414
老魏聊投资小铃铛,0,,,0%,,,0%,,,415
老董财经小铃铛（改名）,0,,,0%,,,0%,,,416
京贝-快手黄车公众号1,0,,,0%,,,0%,,,417
JQ15-短线女侠,0,,,0%,,,0%,,,418
JQ12-修哥财经建,0,,,0%,,,0%,,,419
兰君子-A股首板王,0,,,0%,,,0%,,,420
喜马拉雅-重阳看市,0,,,0%,,,0%,,,421
百度指标33,0,,,0%,,,0%,,,422
喜马拉雅,0,,,0%,,,0%,,,423
快手信息流20付费指标,0,,,0%,,,0%,,,424
付老大说股小铃铛,0,,,0%,,,0%,,,425
时微2,1,,,11.11%,,,11.11%,,,426
云量传媒,0,,,0%,,,0%,,,427
云量传媒1,0,,,0%,,,0%,,,428
云量传媒2,0,,,0%,,,0%,,,429
股今杂谈-直播,0,,,0%,,,0%,,,430
视频号-波段老程,0,,,0%,,,0%,,,431
快手-波段老程,0,,,0%,,,0%,,,432
360-展示广告-06,0,,,0%,,,0%,,,433
朋友圈-33092683-股票池,0,,,0%,,,0%,,,434
PCAD-SK-31863085-十全十美,0,,,0%,,,0%,,,435
百度免费票32,0,,,0%,,,0%,,,436
JQ1011-免费票-开口,2,,,14.29%,,,7.14%,,,437
快手信息流原生21,0,,,0%,,,0%,,,438
时微短信1,0,,,0%,,,0%,,,439
时微短信2,0,,,0%,,,0%,,,440
时微短信3,0,,,0%,,,0%,,,441
1995-多头司令,0,,,0%,,,0%,,,442
名扬财经-小铃铛,27,,,4.7%,,,2.26%,,,443
陆家嘴旭哥-小铃铛,0,,,0%,,,0%,,,444
实战抓妖-小铃铛,0,,,0%,,,0%,,,445
PCAD-SK-31863085-十全十美2,0,,,0%,,,0%,,,446
M-有用闲聊付费,0,,,0%,,,0%,,,447
1995-江城小鳄鱼,0,,,0%,,,0%,,,448
JQ13-擒龙大队长,385,,,3.85%,,,2.05%,,,449
JQ41-财经美名扬-免费,1,,,20%,,,20%,,,450
百度指标31,106,,,6.32%,,,2.33%,,,451
360-混投07,1,,,2.56%,,,2.56%,,,452
版位通投-31863070-十全十美,0,,,0%,,,0%,,,453
百度直播-名扬财经,0,,,0%,,,0%,,,456
投教二部-博弈圣手,0,,,0%,,,0%,,,457
M-猎庄星座付费,0,,,0%,,,0%,,,458
朋友圈-SK-31863093-股票池,21,,,6.67%,,,3.81%,,,459
申抖8付费指标开口,90,,,7.71%,,,4.63%,,,460
百度指标34,0,,,0%,,,0%,,,461
朋友圈-35346779股票池,0,,,0%,,,0%,,,462
朋友圈-30768196股票池付费,0,,,0%,,,0%,,,463
PCAD-SK-34276218-股票池,1,,,50%,,,50%,,,464
JQ42-财经盼盼-免费,0,,,0%,,,0%,,,465
JQ1012-免费票,1,,,50%,,,50%,,,466
JQ1013-免费票-开口,68,,,6.43%,,,2.65%,,,467
百度指标-35,0,,,0%,,,0%,,,468
360-混投08,149,,,6.27%,,,2.44%,,,469
vivo-信息流,27,,,7.8%,,,5.78%,,,470
朋友圈-35346803-股票池,0,,,0%,,,0%,,,471
PCAD-SK-34276224-十全十美,0,,,0%,,,0%,,,472
SK17-3老吴不吃面,0,,,0%,,,0%,,,473
SK17-4财经张连长,0,,,0%,,,0%,,,474
版位通投-31863070-十全十美常规,0,,,0%,,,0%,,,475
兰君子-擒牛跟庄,0,,,0%,,,0%,,,476
360-搜索-软件09,8,,,3.48%,,,2.61%,,,477
MP-亚商老曾说股-35346845,1,,,14.29%,,,0%,,,478
MP-实战教你选好股,0,,,0%,,,0%,,,479
百度指标36,10,,,4.1%,,,2.87%,,,480
投教一部-李卓群,0,,,0%,,,0%,,,481
投教二部-博弈圣手-付费,0,,,0%,,,0%,,,482
投教二部-博弈圣手-免费,0,,,0%,,,0%,,,483
M-大A聊财经,0,,,0%,,,0%,,,484
百度移动搜索-指标,0,,,0%,,,0%,,,485
360-搜索-付费票10,0,,,0%,,,0%,,,486
封号频繁提醒,0,,,0%,,,0%,,,487
M-短线主管,0,,,0%,,,0%,,,488
M-多头司令,0,,,0%,,,0%,,,489
KS-财经狙击客,0,,,0%,,,0%,,,490
百度指标37,0,,,0%,,,0%,,,491
M-题材狙击侠,0,,,0%,,,0%,,,492
M-题材管家,50,,,4.73%,,,1.8%,,,493
A股老岳-小铃铛,0,,,0%,,,0%,,,494
SK16-5浩姐聊财经,0,,,0%,,,0%,,,495
短线狙击手-小铃铛,0,,,0%,,,0%,,,496
投教二部-A股首板王,61,,,6.3%,,,2.27%,,,497
百度移动搜索-付费票04,114,,,5.75%,,,2.47%,,,498
vivo-信息流2,0,,,0%,,,0%,,,499
百度直播-财经付老大,6,,,4.29%,,,2.14%,,,500
百度直播-波段老程bdlc,0,,,0%,,,0%,,,501
M-股海明月光,0,,,0%,,,0%,,,502
M-股海独钓客,500,,,5.75%,,,2.15%,,,503
vivo-信息流3,49,,,11.89%,,,3.4%,,,504
M-实战训练课,50,,,6.36%,,,2.93%,,,505
百度直播-财经老董,0,,,0%,,,0%,,,506
百度直播-财经小汪,0,,,0%,,,0%,,,507
百度直播-陆家嘴旭哥,2,,,3.17%,,,3.17%,,,508
百度直播-博弈圣手,71,,,6.64%,,,3.18%,,,509
朋友圈-SK-35346834-股票池,1,,,1.75%,,,0%,,,510
PCAD-27098256-尾盘选股,1,,,25%,,,0%,,,511
M-题材方法论,0,,,0%,,,0%,,,512
M-股海魅影,184,,,6.31%,,,2.81%,,,513
SK16-4婷姐看市,0,,,0%,,,0%,,,514
oppo-信息流1,10,,,10%,,,7%,,,515
PCAD-33092668-通用指标--0.99元,0,,,0%,,,0%,,,516
360-前置-画报,104,,,4.16%,,,2.16%,,,517
投教二部-博弈圣手-h5,0,,,0%,,,0%,,,518
女娲-价投研选-小铃铛,16,,,2.35%,,,0.73%,,,519
朋友圈-35346853-股票池短链3.0,0,,,0%,,,0%,,,520
投教二部-A股首板王-h5,8,,,5.44%,,,2.72%,,,521
百度PC搜索-付费票05,0,,,0%,,,0%,,,523
PCAD-41281313-通用指标--0.99元,0,,,0%,,,0%,,,524
女娲-亚商小吴-小铃铛,28,,,3.53%,,,1.89%,,,525
重阳-微博2,1,,,14.29%,,,14.29%,,,526
重阳-微博3,0,,,0%,,,0%,,,527
重阳-微博4,0,,,0%,,,0%,,,528
测试,0,,,0%,,,0%,,,529
test_3rd,0,,,0%,,,0%,,,530
ceshi,0,,,0%,,,0%,,,532
oppo-信息流2,33,,,7.93%,,,4.09%,,,533
vivo-信息流4,14,,,11.11%,,,5.56%,,,534
SK16-3-向前论财,0,,,0%,,,0%,,,535
3rd渠道,0,,,0%,,,0%,,,536
110测试,0,,,0%,,,0%,,,537
百度直播-交易员阳哥,25,,,3.61%,,,3.17%,,,538
百度直播-大A赵子龙,0,,,0%,,,0%,,,539
百度直播-擒龙大队长,5,,,12.5%,,,5%,,,540
重阳-微博5,0,,,0%,,,0%,,,541
JQ46-交易员阳哥-0.1元,26,,,3.35%,,,2.96%,,,542
JQ31-免费票,0,,,0%,,,0%,,,543
JQ32-免费票,0,,,0%,,,0%,,,544
JQ33-免费票,0,,,0%,,,0%,,,545
SK26-免费票,0,,,0%,,,0%,,,546
SK27-免费票,51,,,4.78%,,,3.1%,,,547
JQ45财经无畏-0.1元,827,,,5.05%,,,2.36%,,,548
PCAD-41817894-股票池,0,,,0%,,,0%,,,549
百度免费票49,189,,,10.4%,,,4.9%,,,550
百度数字人-财经老董50,77,,,5.6%,,,2.11%,,,551
百度数字人-名扬财经51,0,,,0%,,,0%,,,552
ZSL-股道神牛,0,,,0%,,,0%,,,553
朋友圈-41817911-股票池,239,,,6.18%,,,2.92%,,,555
PCAD-41817957-通用指标--0.1元,0,,,0%,,,0%,,,556
公众号-41817911合约排期,0,,,0%,,,0%,,,557
视频号-41817977-全局,100,,,5.58%,,,2.23%,,,558
SK28-免费票,272,,,8.25%,,,3.34%,,,559
oppo-信息流3,7,,,16.67%,,,11.9%,,,560
投教二部-慧眼光芒h5,0,,,0%,,,0%,,,561
JQ47-董点财经-0.1元,147,,,5.03%,,,1.81%,,,562
女娲-游资圣手-小铃铛,0,,,0%,,,0%,,,563
华为-信息流1,1,,,0.75%,,,0%,,,564
视频号-41818019-全局唯一,0,,,0%,,,0%,,,565
朋友圈-27098255-直跳h5,0,,,0%,,,0%,,,566
JQ48-财经小汪0.1,0,,,0%,,,0%,,,567
百度数字人-博弈圣手53,1,,,1.47%,,,0%,,,568
360-前置-墨鱼丸03,0,,,0%,,,0%,,,569
360-搜索-免费票11,0,,,0%,,,0%,,,570
投教二部-慧眼光芒,0,,,0%,,,0%,,,571
朋友圈-34276239-api短链,0,,,0%,,,0%,,,572
朋友圈--SK-31863093-股票池3.0,315,,,6.8%,,,2.61%,,,573
百度数字人-财经付老大44,3,,,5.45%,,,1.82%,,,574
百度数字人-财经小汪45,0,,,0%,,,0%,,,575
百度数字人-陆家嘴旭哥52,0,,,0%,,,0%,,,576
百度数字人-擒龙大队长54,0,,,0%,,,0%,,,577
yl百度直播-55,0,,,0%,,,0%,,,578
vivo-免费票5,0,,,0%,,,0%,,,579
vivo-免费票6,0,,,0%,,,0%,,,580
视频号-SK-34276242-全局,0,,,0%,,,0%,,,581
百度免费票56,0,,,0%,,,0%,,,582
申抖29免费票-小程序,596,,,5.73%,,,2.84%,,,583
PCAD-SK-34276249-0.1元,3,,,3.53%,,,0%,,,584
360-混投12,0,,,0%,,,0%,,,585
oppo-免费票4,2,,,5.56%,,,2.78%,,,586
华为-信息流2,7,,,4.22%,,,2.41%,,,587
360-前置-小程序,0,,,0%,,,0%,,,588
SK16-6-方姐聊财经,41,,,3.82%,,,1.77%,,,589
朋友圈-SK-43511855-api短链,0,,,0%,,,0%,,,590
公众号-SK-43525495-股票池,60,,,5.2%,,,2.51%,,,591
朋友圈-SK-43525504-股票池,33,,,4.21%,,,2.3%,,,592
PCAD-SK-43525513-短线王,31,,,6%,,,2.13%,,,593
视频号-SK-43525521-全局,3,,,4.48%,,,4.48%,,,594
申抖30免费票开口,57,,,6.96%,,,2.2%,,,595
申抖31免费票开口,43,,,5.26%,,,3.43%,,,596
360-移动搜索-免费票13,6,,,4.11%,,,1.37%,,,597
百度指标57,0,,,0%,,,0%,,,598
JQ34-免费票开口,35,,,4.07%,,,1.98%,,,599
公众号-sk-43525542-付费常规,0,,,0%,,,0%,,,600
空置公众号-sk-43525545-付费小程序,0,,,0%,,,0%,,,601
百度免费票58,0,,,0%,,,0%,,,603
SK18-1-小翟聊财经,0,,,0%,,,0%,,,604
sk31-财经小马哥,0,,,0%,,,0%,,,605
sk30-魏老哥,0,,,0%,,,0%,,,606
sk31-财经小马哥-小程序,25,,,3.04%,,,2.43%,,,607
sk30-魏老哥-小程序,246,,,4.94%,,,1.75%,,,608
vivo-免费票7,0,,,0%,,,0%,,,609
vivo-免费票8,0,,,0%,,,0%,,,610
百度移动搜索-付费票06,7,,,1.7%,,,0.73%,,,611
uc-指标01,0,,,0%,,,0%,,,612
uc-指标02,1,,,10%,,,10%,,,613
uc-免费票03,0,,,0%,,,0%,,,614
uc-免费票04,0,,,0%,,,0%,,,615
oppo-免费票5,0,,,0%,,,0%,,,616
oppo-免费票6,0,,,0%,,,0%,,,617
亚商魏老哥-小铃铛,2,,,1.69%,,,0.85%,,,618
百度直播-财经小马哥59,0,,,0%,,,0%,,,620
百度直播-说点股票60,1,,,2.86%,,,2.86%,,,621
学思1,0,,,0%,,,0%,,,622
学思2,0,,,0%,,,0%,,,623
学思3,0,,,0%,,,0%,,,624
学思4,0,,,0%,,,0%,,,625
学思5,0,,,0%,,,0%,,,626
学思6,0,,,0%,,,0%,,,627
PCAD-44758271-付费小程序,13,,,4.28%,,,2.3%,,,628
华为信息流3,1,,,3.45%,,,0%,,,629
华为信息流4-付费,0,,,0%,,,0%,,,630
SK16-5财经睿见,0,,,0%,,,0%,,,631
PCAD-44758264-十全十美,2,,,3.28%,,,3.28%,,,632
PCAD-44758256-尾盘四合一,4,,,6.15%,,,3.08%,,,633
百度PC搜索-诊股07,0,,,0%,,,0%,,,635
百度免费票61,3,,,3.66%,,,1.22%,,,636
PCAD-44755616-尾盘四合一,0,,,0%,,,0%,,,637
百度直播-星哥投资62,0,,,0%,,,0%,,,638
百度直播-财经小康63,2,,,1.64%,,,0.82%,,,639
朋友圈-45123912-api短,50,,,4.33%,,,1.82%,,,640
百度移动搜索-诊股08,78,,,6.9%,,,4.07%,,,641
朋友圈-44755596-互动,0,,,0%,,,0%,,,642
互动平台-45123924-东方说股,0,,,0%,,,0%,,,643
JQ-35免费票,41,,,7.44%,,,4.17%,,,644
JQ-36付费指标,50,,,6.19%,,,2.97%,,,645
百度pc搜索-软件09,0,,,0%,,,0%,,,646
SK-32免费票,44,,,7.77%,,,4.06%,,,647
百度指标64,1,,,14.29%,,,0%,,,648
朋友圈-45123896-股票池api极短,1,,,33.33%,,,33.33%,,,649
视频号- 45123875,1,,,5.26%,,,0%,,,650
视频号- 45123854,1,,,1.45%,,,1.45%,,,651
SK18-2慧姐财经,6,,,2.16%,,,1.44%,,,652
sk24A股跟屁虫--李明星,0,,,0%,,,0%,,,653
sk23-微观洞悉--王洪涛,2,,,10.53%,,,0%,,,654
JQ10-14诊股,0,,,0%,,,0%,,,655
SK32-小康财经-小程序,39,,,3.65%,,,1.78%,,,656
M-江城小鳄鱼,5,,,7.58%,,,0%,,,657
M-金股训练营,0,,,0%,,,0%,,,658
sk25-A股首板王,2,,,16.67%,,,8.33%,,,659
sk33-财经贺顶红,21,,,3.65%,,,2.08%,,,660
M-短线波王,0,,,0%,,,0%,,,661
M-股道圣手,14,,,4.83%,,,1.72%,,,662
PCAD-27098256-互动,0,,,0%,,,0%,,,663
SK5-1财经三金,241,,,4.06%,,,1.8%,,,664
SK5-2备用号2,0,,,0%,,,0%,,,665
SK5-3备用号3,0,,,0%,,,0%,,,666
SK5-4备用号4,0,,,0%,,,0%,,,667
SK5-5备用号5,0,,,0%,,,0%,,,668
申抖2免费票-小程序,120,,,5.17%,,,2.93%,,,669
申抖6免费票-小程序,274,,,8.15%,,,3.9%,,,670
百度直播-名扬财经（新）65,0,,,0%,,,0%,,,671
百度直播-财经贺顶红66,0,,,0%,,,0%,,,672
朋友圈-45123896-合约,0,,,0%,,,0%,,,673
朋友圈-31863093-合约,0,,,0%,,,0%,,,674
JQ10-14诊股-小程序,53,,,4.69%,,,3.01%,,,675
百度直播-财经付老大（新）67,0,,,0%,,,0%,,,676
百度直播-擒龙大队长（新）68,0,,,0%,,,0%,,,677
百度直播-陆家嘴旭哥（新）69,0,,,0%,,,0%,,,678
视频号-45310984-付费,42,,,8.28%,,,2.96%,,,679
JQ1011-免费票-小程序,590,,,5.65%,,,3.1%,,,680
JQ33-免费票-小程序,66,,,4.15%,,,3.27%,,,681
视频号-41818019-付费,0,,,0%,,,0%,,,682
投教二部-股市侃道,44,,,6.3%,,,1.72%,,,683
华为信息流4,0,,,0%,,,0%,,,684
朋友圈-45311015-视频,19,,,7.82%,,,1.65%,,,685
vivo-指标9,5,,,5.75%,,,2.3%,,,686
vivo-免费票10,0,,,0%,,,0%,,,687
朋友圈-sk-46264600-视频,35,,,5.09%,,,4.08%,,,688
百度直播-财经魏老哥70,0,,,0%,,,0%,,,689
百度直播-财经欢姐71,0,,,0%,,,0%,,,690
PCAD-44758256-尾盘四合一新,3,,,7.89%,,,5.26%,,,691
投教二部-策略先锋,6,,,8.11%,,,0%,,,692
百度直播-财经小康（新）72,0,,,0%,,,0%,,,693
PCAD-45310995-十全十美,0,,,0%,,,0%,,,694
投教二部-股市侃道h5,0,,,0%,,,0%,,,695
投教二部-策略先锋h5,0,,,0%,,,0%,,,696
朋友圈-46264581-热点,76,,,3.22%,,,2.2%,,,697
华为账户4-免费票,0,,,0%,,,0%,,,698
视频号-45311006-ai智能选股,32,,,2.77%,,,1.82%,,,699
投教二部-视频号短,3,,,1.97%,,,3.95%,,,700
百度直播-星哥投资（新）73,0,,,0%,,,0%,,,701
百度直播-陆家嘴旭哥 （新）74,0,,,0%,,,0%,,,702
百度诊股79,1,,,3.03%,,,3.03%,,,703
百度直播-擒龙大队长（新）75,0,,,0%,,,0%,,,704
百度直播-名扬财经（新）76,0,,,0%,,,0%,,,705
百度直播-A股付老大（新）77,0,,,0%,,,0%,,,706
百度直播-陆家嘴旭老哥（新）78,0,,,0%,,,0%,,,707
公众号-sk-46264587-付费小程序,0,,,0%,,,0%,,,708
朋友圈-45311021-h5,0,,,0%,,,0%,,,709
JQ13-免费票-小程序,4,,,2.14%,,,5.88%,,,710
sk32-免费票-小程序,1,,,1.92%,,,1.92%,,,711
百度免费票80,0,,,0%,,,0%,,,712
朋友圈-27098255-付费api-微信客服,0,,,0%,,,0%,,,713
视频号-45311006-ai付费,2,,,0.79%,,,5.53%,,,714
百度直播-财经付老大（新）81,0,,,0%,,,0%,,,715
投教二部-涅槃财经-付费,0,,,0%,,,0%,,,716
巨靠谱-视短视频,0,,,0%,,,0%,,,717
巨靠谱-视短视频1,0,,,0%,,,0%,,,718
百度诊股79-小程序,0,,,0%,,,0%,,,719
朋友圈-47137067-视频,0,,,0%,,,0%,,,720
百度,940,,,6.39%,,,2.86%,,,10002
腾讯,1270,,,5.39%,,,2.55%,,,10003
字节,5635,,,5.16%,,,2.57%,,,10004
字节信息流,3183,,,6%,,,3.04%,,,10005
字节直播,2452,,,4.37%,,,2.12%,,,10006
字节付费指标,413,,,6.2%,,,3.33%,,,10007
字节免费票,2717,,,6%,,,3%,,,10008
MP推广,1,,,9.09%,,,0%,,,10009
亚商,8832,,,5.26%,,,2.56%,,,10018
字节免费指标,53,,,4.68%,,,3%,,,10019
百度信息流,548,,,7.47%,,,3.09%,,,10021
百度免费票,192,,,10.08%,,,4.72%,,,10022
百度免费指标,356,,,6.55%,,,2.52%,,,10023
百度付费票,0,,,0%,,,0%,,,10024
推广视频号,0,,,0%,,,0%,,,10025
自视频号,1,,,2.56%,,,0%,,,10026
蓝V,0,,,0%,,,0%,,,10027
非蓝V,0,,,0%,,,0%,,,10028
快手,435,,,3.97%,,,1.84%,,,10029
360,394,,,5.29%,,,2.55%,,,10030
微博,1,,,14.29%,,,14.29%,,,10031
头条,0,,,0%,,,0%,,,10032
老转,0,,,0%,,,0%,,,10033
舆情公众号,0,,,0%,,,0%,,,10034
前端直播,0,,,0%,,,0%,,,10035
投教一部,852,,,5.53%,,,2.21%,,,10036
投教一部字节,49,,,3.06%,,,1.5%,,,10037
投教一部快手,0,,,0%,,,0%,,,10038
投教一部视频号,803,,,5.81%,,,2.29%,,,10039
冠汉,0,,,0%,,,0%,,,10040
冠汉快手,0,,,0%,,,0%,,,10041
冠汉抖音,0,,,0%,,,0%,,,10042
冠汉视频号,0,,,0%,,,0%,,,10043
有点,0,,,0%,,,0%,,,10044
重庆有术,0,,,0%,,,0%,,,10045
天天启号,0,,,0%,,,0%,,,10046
弘润达,0,,,0%,,,0%,,,10047
快手,0,,,0%,,,0%,,,10048
视频号,0,,,0%,,,0%,,,10049
兰君子,0,,,0%,,,0%,,,10050
兰君子视频号,0,,,0%,,,0%,,,10051
抖涨,0,,,0%,,,0%,,,10052
豪斯莱,0,,,0%,,,0%,,,10053
路雅,0,,,0%,,,0%,,,10054
学思,1,,,9.09%,,,9.09%,,,10055
百度搜索,199,,,5.65%,,,2.78%,,,10056
上海创银信禾,0,,,0%,,,0%,,,10057
有点视频号,0,,,0%,,,0%,,,10058
有点抖音推广,0,,,0%,,,0%,,,10060
有点快手,0,,,0%,,,0%,,,10061
兰君子抖音直播,0,,,0%,,,0%,,,10062
广点通,1268,,,5.39%,,,2.55%,,,10069
PCAD,232,,,5.43%,,,2.46%,,,10070
安徽诗墨,0,,,0%,,,0%,,,10071
亚商快手信息流,0,,,0%,,,0%,,,10073
亚商快手直播,435,,,3.98%,,,1.84%,,,10074
UC,1,,,8.33%,,,8.33%,,,10075
朋友圈,794,,,5.59%,,,2.62%,,,10076
优量汇,1,,,11.11%,,,0%,,,10078
柒柒亚,0,,,0%,,,0%,,,10079
博融,0,,,0%,,,0%,,,10081
1995,0,,,0%,,,0%,,,10082
视频号,181,,,4.66%,,,2.42%,,,10083
小米,0,,,0%,,,0%,,,10084
骋翼,0,,,0%,,,0%,,,10085
自媒体短视频,1,,,3.7%,,,0%,,,10086
中止合作,0,,,0%,,,0%,,,10091
天创,0,,,0%,,,0%,,,10092
视频号,0,,,0%,,,0%,,,10093
小铃铛,435,,,3.98%,,,1.84%,,,10095
小黄车,0,,,0%,,,0%,,,10096
京贝,0,,,0%,,,0%,,,10097
喜马拉雅,0,,,0%,,,0%,,,10098
360-屏保,129,,,4.18%,,,2.3%,,,10099
360-弹窗,60,,,5.98%,,,2.59%,,,10100
360-信息流,41,,,7.22%,,,4.58%,,,10101
360-搜索,14,,,3.71%,,,2.12%,,,10102
云量传媒0,0,,,0%,,,0%,,,10103
快手,0,,,0%,,,0%,,,10104
投教一部字节暂停渠道,0,,,0%,,,0%,,,10105
投教一部视频号暂停渠道,0,,,0%,,,0%,,,10106
兰君子视频号暂停渠道,0,,,0%,,,0%,,,10107
360-橱窗,150,,,6.21%,,,2.44%,,,10108
百度直播,193,,,5.03%,,,2.47%,,,10109
投教二部,126,,,6%,,,2.14%,,,10111
投教二部视频号,119,,,6.21%,,,1.98%,,,10112
弃用,0,,,0%,,,0%,,,10113
vivo,95,,,9.33%,,,4.22%,,,10115
投教二部抖音,4,,,12.12%,,,3.03%,,,10116
趋势周期,0,,,0%,,,0%,,,10118
360-展示,339,,,5.21%,,,2.4%,,,10120
OPPO,52,,,8.75%,,,5.05%,,,10121
女娲,60,,,3.33%,,,1.67%,,,10122
行业直播,375,,,4.1%,,,1.87%,,,10123
公众号,60,,,5.2%,,,2.51%,,,10124
华为,9,,,2.74%,,,1.22%,,,10125
投教一部百度,0,,,0%,,,0%,,,10126
投教二部-短视频,3,,,1.97%,,,3.95%,,,10127
巨靠谱,0,,,0%,,,0%,,,10128
